month,repo_name,event_type,event_frequency,distinct_contributors
2,decred/dcrweb,IssueCommentEvent,6,3
6,decred/dcrutil,PullRequestEvent,3,2
11,decred/dcrwallet,PullRequestEvent,30,7
8,decred/dcrd,PushEvent,49,5
8,decred/decrediton,PullRequestEvent,118,3
5,decred/dcrweb,IssuesEvent,20,9
4,decred/decred-binaries,IssueCommentEvent,22,5
12,decred/decred-binaries,PushEvent,2,1
12,decred/dcrwallet,IssuesEvent,12,6
5,decred/dcrd,PullRequestEvent,33,6
5,decred/dcrdocs,WatchEvent,1,1
6,decred/dcrd,PushEvent,16,5
3,decred/gominer,ForkEvent,5,5
10,decred/hardforkdemo,PullRequestEvent,9,3
2,decred/dcrd,IssueCommentEvent,30,8
6,decred/dcrdocs,IssuesEvent,11,4
6,decred/dcrwallet,CreateEvent,3,1
5,decred/copay,IssueCommentEvent,7,3
7,decred/dcrstakepool,IssueCommentEvent,16,4
8,decred/dcrwebapi,IssuesEvent,2,1
9,decred/decred-binaries,IssueCommentEvent,2,2
11,decred/dcrd,IssuesEvent,12,5
10,decred/politeia,PushEvent,7,2
7,decred/dcrwallet,ForkEvent,3,3
2,decred/dcrrpcclient,PushEvent,7,3
2,decred/dcrstakepool,ForkEvent,4,4
7,decred/dcrdocs,ForkEvent,4,4
6,decred/decred-binaries,PullRequestEvent,8,1
8,decred/dcrutil,IssuesEvent,2,1
9,decred/dcrstakepool,PushEvent,5,2
4,decred/dcrstakepool,PullRequestReviewCommentEvent,25,5
5,decred/dcraddrgen,ForkEvent,1,1
8,decred/decred-binaries,ForkEvent,2,2
10,decred/dcrstakepool,ForkEvent,6,5
11,decred/dcrwallet,WatchEvent,7,7
10,decred/dcrdocs,IssueCommentEvent,4,4
6,decred/decred-binaries,ReleaseEvent,4,1
3,decred/copay,ForkEvent,2,2
3,decred/dcrdocs,WatchEvent,2,2
9,decred/dcrrpcclient,PushEvent,4,2
6,decred/decrediton,CreateEvent,3,1
6,decred/dcrtime,PublicEvent,1,1
9,decred/testnetfaucet,PushEvent,1,1
11,decred/politeia,CreateEvent,5,1
1,decred/dcrutil,PushEvent,1,1
11,decred/dcrtime,IssueCommentEvent,1,1
12,decred/decred-release,ReleaseEvent,1,1
10,decred/dcrdocker,PullRequestReviewCommentEvent,1,1
3,decred/bitcore-wallet-client,PullRequestEvent,2,1
7,decred/dcrdocs,PullRequestReviewCommentEvent,2,2
1,decred/insight,PullRequestEvent,2,2
8,decred/dcrdocker,IssuesEvent,3,2
4,decred/bitcore-mnemonic,ForkEvent,1,1
12,decred/dcps,WatchEvent,1,1
12,decred/politeiagui,IssueCommentEvent,56,9
9,decred/decrediton,IssueCommentEvent,87,15
6,decred/copay,PullRequestReviewCommentEvent,3,2
5,decred/hardforkdemo,WatchEvent,1,1
2,decred/decrediton,IssueCommentEvent,42,5
11,decred/politeia,WatchEvent,16,16
12,decred/dcrstakepool,IssuesEvent,8,4
9,decred/dcrutil,IssueCommentEvent,9,4
6,decred/dcrd,PullRequestReviewCommentEvent,2,2
4,decred/dcrwallet,PushEvent,44,5
3,decred/gominer,IssueCommentEvent,16,7
6,decred/dcrutil,PushEvent,1,1
3,decred/dcrwallet,CommitCommentEvent,2,1
4,decred/decred-windows-installer,IssuesEvent,2,2
11,decred/decrediton,WatchEvent,9,9
2,decred/decred-release,IssuesEvent,7,1
6,decred/dcrstakepool,IssueCommentEvent,19,6
4,decred/decred-windows-installer,PushEvent,3,2
5,decred/Paymetheus,IssueCommentEvent,11,3
4,decred/hardforkdemo,PullRequestReviewCommentEvent,10,2
11,decred/decred-binaries,IssuesEvent,4,3
12,decred/decred-binaries,IssuesEvent,5,3
8,decred/decred-seeder,IssuesEvent,1,1
6,decred/dcrd,IssueCommentEvent,15,5
10,decred/dcrweb,PushEvent,5,2
10,decred/politeia,DeleteEvent,1,1
2,decred/gominer,WatchEvent,4,4
10,decred/decred-release,ForkEvent,2,2
6,decred/copay,CreateEvent,4,1
4,decred/dcrutil,DeleteEvent,1,1
8,decred/dcrrpcclient,IssuesEvent,1,1
9,decred/dcrrpcclient,PullRequestReviewCommentEvent,5,1
8,decred/gominer,ForkEvent,3,3
8,decred/decred-binaries,PushEvent,2,1
8,decred/copay,PushEvent,1,1
9,decred/decred-binaries,IssuesEvent,2,2
12,decred/politeia,ForkEvent,2,2
4,decred/dcrwallet,WatchEvent,1,1
1,decred/dcr-netstats,IssuesEvent,1,1
9,decred/insight-api,ForkEvent,1,1
4,decred/insight,IssuesEvent,1,1
9,decred/dcrutil,PullRequestReviewCommentEvent,1,1
12,decred/dcrdocs,IssuesEvent,90,8
12,decred/dcrweb,IssueCommentEvent,28,11
11,decred/politeiagui,PushEvent,39,2
1,decred/dcrdocs,PullRequestReviewCommentEvent,70,4
12,decred/dcrpayments,IssueCommentEvent,4,3
10,decred/decrediton,PullRequestEvent,126,8
9,decred/dcrweb,IssuesEvent,11,5
5,decred/insight,PushEvent,8,1
2,decred/dcrdocs,IssuesEvent,32,9
10,decred/politeia,PullRequestEvent,12,3
4,decred/dcrweb,PullRequestEvent,9,3
3,decred/gominer,IssuesEvent,6,4
7,decred/decrediton,PushEvent,32,2
2,decred/dcrdocs,PullRequestReviewCommentEvent,55,7
8,decred/dcrd,PullRequestReviewCommentEvent,43,6
5,decred/bitcore,PushEvent,1,1
1,decred/gominer,IssuesEvent,5,3
10,decred/dcrtime,IssuesEvent,3,2
8,decred/dcrdocker,IssueCommentEvent,4,3
8,decred/dcrdocs,PushEvent,7,1
2,decred/dcrwallet,WatchEvent,6,6
10,decred/dcrweb,PullRequestEvent,18,9
9,decred/decred-binaries,ReleaseEvent,3,1
2,decred/decrediton,PushEvent,28,2
9,decred/dcrdocs,PullRequestEvent,39,9
6,decred/dcrstakepool,MemberEvent,1,1
7,decred/gominer,IssuesEvent,5,4
5,decred/dcrweb,PullRequestReviewCommentEvent,18,4
9,decred/dcrd,WatchEvent,16,16
6,decred/dcrweb,IssuesEvent,5,4
7,decred/dcrwebapi,IssueCommentEvent,2,2
12,decred/politeiagui,ForkEvent,3,3
2,decred/hardforkdemo,WatchEvent,2,2
4,decred/Paymetheus,PushEvent,9,2
5,decred/crypto-browserify,IssuesEvent,1,1
9,decred/decred-windows-installer,PullRequestEvent,2,2
4,decred/decred-release,IssuesEvent,9,5
10,decred/insight,IssueCommentEvent,5,2
8,decred/dcrdocker,PullRequestReviewCommentEvent,6,4
2,decred/hardforkdemo,CreateEvent,2,2
3,decred/copay,PullRequestEvent,3,2
8,decred/decred-release,WatchEvent,3,3
6,decred/gominer,IssueCommentEvent,2,2
7,decred/dcrweb,PushEvent,4,2
10,decred/gominer,PullRequestEvent,5,3
5,decred/decred-release,IssueCommentEvent,2,2
4,decred/dcrrpcclient,PushEvent,5,3
6,decred/insight,IssuesEvent,2,1
7,decred/gominer,PushEvent,1,1
3,decred/decred-seeder,PullRequestEvent,2,1
3,decred/decred-release,IssuesEvent,4,2
5,decred/bitcore-wallet-client,PushEvent,1,1
3,decred/hardforkdemo,IssueCommentEvent,2,2
5,decred/dcrweb,ForkEvent,2,2
5,decred/gominer,WatchEvent,2,2
5,decred/hardforkdemo,IssueCommentEvent,44,7
8,decred/dcrpayments,CreateEvent,2,1
11,decred/dcrd,PushEvent,14,3
12,decred/dcrdocs,PullRequestEvent,40,6
9,decred/dcrdocs,IssueCommentEvent,31,7
10,decred/dcrrpcclient,IssuesEvent,4,2
7,decred/dcrwallet,IssueCommentEvent,28,9
7,decred/dcrwallet,IssuesEvent,31,7
5,decred/dcrd,IssueCommentEvent,36,8
6,decred/dcrtime,PullRequestReviewCommentEvent,15,3
3,decred/decred-release,WatchEvent,5,5
8,decred/dcrweb,PushEvent,9,3
5,decred/insight,IssuesEvent,3,3
10,decred/politeiagui,IssuesEvent,6,4
4,decred/gominer,PullRequestEvent,4,2
5,decred/dcrrpcclient,ForkEvent,2,1
9,decred/dcps,PushEvent,3,1
6,decred/dcrtime,ForkEvent,4,4
11,decred/dcrwallet,IssuesEvent,10,4
4,decred/decred-release,CreateEvent,2,1
5,decred/dcrrpcclient,PullRequestEvent,11,4
1,decred/Paymetheus,ForkEvent,1,1
9,decred/decred-binaries,CreateEvent,2,1
5,decred/copay,CreateEvent,1,1
10,decred/dcrwebapi,PullRequestReviewCommentEvent,3,2
8,decred/decrediton,ForkEvent,1,1
12,decred/dcrwallet,PushEvent,6,2
12,decred/dcrwebapi,PushEvent,2,1
11,decred/dcps,PushEvent,2,2
1,decred/dcrd,IssuesEvent,8,5
9,decred/atomicswap,GollumEvent,2,1
3,decred/ccminer,ForkEvent,1,1
11,decred/atomicswap,PushEvent,2,1
10,decred/decred-release,IssueCommentEvent,1,1
1,decred/decred-irc-price-bot,IssuesEvent,1,1
9,decred/Paymetheus,ForkEvent,2,2
5,decred/dcrticketbuyer,ForkEvent,1,1
7,decred/dcrwebapi,ForkEvent,1,1
2,decred/decred-release,CreateEvent,2,1
12,decred/dcrd,IssueCommentEvent,55,14
7,decred/dcrdocs,IssueCommentEvent,8,2
2,decred/decred-windows-installer,IssueCommentEvent,1,1
12,decred/dcrd,WatchEvent,58,57
9,decred/dcrweb,IssueCommentEvent,16,5
9,decred/decrediton,PullRequestReviewCommentEvent,25,5
12,decred/politeiagui,IssuesEvent,44,9
4,decred/decred-release,PullRequestEvent,12,2
6,decred/copay,IssueCommentEvent,22,4
2,decred/testnetfaucet,IssuesEvent,6,3
3,decred/testnetfaucet,PushEvent,3,2
1,decred/gominer,PullRequestEvent,2,1
6,decred/dcrrpcclient,PullRequestEvent,10,3
3,decred/dcrdocs,PushEvent,27,2
10,decred/insight-api,ForkEvent,1,1
10,decred/politeiagui,CreateEvent,3,2
12,decred/gominer,WatchEvent,10,8
3,decred/decrediton,ForkEvent,2,2
10,decred/dcrutil,IssueCommentEvent,15,3
5,decred/copay,IssuesEvent,3,2
5,decred/copay,WatchEvent,1,1
10,decred/politeia,PublicEvent,1,1
8,decred/dcrwallet,DeleteEvent,8,1
5,decred/bitcore-wallet-service,IssueCommentEvent,2,1
1,decred/gominer,WatchEvent,1,1
11,decred/bitset,WatchEvent,1,1
3,decred/decred-binaries,WatchEvent,1,1
2,decred/Paymetheus,CreateEvent,3,1
8,decred/dcrdocker,ForkEvent,1,1
4,decred/bitcore-mnemonic,IssueCommentEvent,1,1
4,decred/dcrd,CommitCommentEvent,2,1
5,decred/decred-release,ForkEvent,2,2
12,decred/dcrwallet,ForkEvent,6,6
8,decred/Paymetheus,ForkEvent,1,1
10,decred/hardforkdemo,ForkEvent,2,2
5,decred/dcrweb,WatchEvent,2,2
12,decred/atomicswap,IssueCommentEvent,5,4
11,decred/dcrpayments,ForkEvent,2,2
12,decred/base58,WatchEvent,1,1
11,decred/gominer,IssueCommentEvent,1,1
6,decred/bitcore-wallet-service,PushEvent,1,1
9,decred/dcrstakepool,CreateEvent,1,1
8,decred/gominer,PullRequestEvent,1,1
8,decred/Paymetheus,IssuesEvent,1,1
8,decred/decred-irc-price-bot,IssueCommentEvent,1,1
11,decred/politeia,IssueCommentEvent,49,8
1,decred/dcrdocs,IssueCommentEvent,26,6
11,decred/politeiagui,PullRequestReviewCommentEvent,5,1
11,decred/dcrwallet,PushEvent,14,2
10,decred/decrediton,IssueCommentEvent,283,20
4,decred/decrediton,PushEvent,37,2
5,decred/dcrwallet,PullRequestEvent,82,5
7,decred/decrediton,WatchEvent,5,5
3,decred/decrediton,PushEvent,26,2
4,decred/Paymetheus,IssueCommentEvent,46,15
9,decred/decrediton,ForkEvent,9,8
9,decred/dcrd,ForkEvent,9,9
9,decred/atomicswap,PullRequestEvent,31,7
5,decred/copay,PushEvent,1,1
5,decred/insight-api,PullRequestEvent,18,1
6,decred/dcrweb,PushEvent,7,3
6,decred/dcrrpcclient,PushEvent,5,3
10,decred/dcraddrgen,PullRequestEvent,2,1
9,decred/hardforkdemo,IssuesEvent,3,3
10,decred/gominer,PushEvent,3,2
5,decred/dcrweb,PushEvent,10,2
7,decred/gominer,IssueCommentEvent,7,3
6,decred/decred-windows-installer,PushEvent,5,2
10,decred/react-select,WatchEvent,1,1
5,decred/dcrwallet,CreateEvent,3,1
2,decred/copay,IssuesEvent,3,2
2,decred/dcrweb,PullRequestReviewCommentEvent,2,2
6,decred/decred-release,ReleaseEvent,2,1
7,decred/dcrd,IssuesEvent,13,5
3,decred/dcraddrgen,IssuesEvent,2,1
10,decred/insight,WatchEvent,1,1
4,decred/decred-irc-price-bot,IssuesEvent,2,1
10,decred/dcrwallet,ForkEvent,6,6
9,decred/dcrdocs,PushEvent,15,3
9,decred/gominer,ForkEvent,1,1
6,decred/decred-binaries,CreateEvent,4,1
2,decred/decred-release,ReleaseEvent,2,1
4,decred/dcrdocs,WatchEvent,2,2
4,decred/dcrutil,CreateEvent,1,1
1,decred/dcrd,PullRequestReviewCommentEvent,1,1
8,decred/dcrtime,CreateEvent,3,1
10,decred/insight,ForkEvent,1,1
4,decred/dcrweb,PushEvent,4,2
12,decred/politeia,PushEvent,67,3
4,decred/decred-binaries,IssuesEvent,16,4
2,decred/dcrticketbuyer,IssueCommentEvent,12,3
4,decred/dcrwallet,PullRequestReviewCommentEvent,20,5
5,decred/dcrwallet,PullRequestReviewCommentEvent,16,5
8,decred/dcrweb,PullRequestEvent,24,5
2,decred/dcrwallet,PullRequestReviewCommentEvent,84,6
3,decred/decrediton,PullRequestReviewCommentEvent,6,1
10,decred/politeiagui,PullRequestEvent,15,4
12,decred/politeia,PullRequestReviewCommentEvent,25,5
7,decred/dcrutil,ForkEvent,1,1
7,decred/Paymetheus,IssueCommentEvent,9,3
11,decred/dcrd,WatchEvent,21,21
10,decred/dcrd,IssuesEvent,10,4
5,decred/dcrweb,IssueCommentEvent,3,2
8,decred/decrediton,IssueCommentEvent,34,8
3,decred/decred-binaries,PullRequestEvent,2,1
2,decred/decrediton,PullRequestReviewCommentEvent,19,4
4,decred/decred-release,ForkEvent,1,1
5,decred/cgminer,DeleteEvent,1,1
5,decred/bitcore,PullRequestEvent,2,1
1,decred/gominer,IssueCommentEvent,11,4
9,decred/dcrdocs,PullRequestReviewCommentEvent,6,2
8,decred/copay,PullRequestEvent,4,1
3,decred/dcraddrgen,PushEvent,1,1
12,decred/decrediton,ReleaseEvent,2,1
6,decred/dcr-netstats,PullRequestEvent,2,2
3,decred/dcrutil,PushEvent,5,2
8,decred/dcrutil,PushEvent,3,1
5,decred/dcrstakepool,ForkEvent,2,2
4,decred/copay,IssuesEvent,1,1
12,decred/decred-binaries,CreateEvent,2,1
7,decred/decred-release,PullRequestEvent,2,2
3,decred/dcrutil,IssuesEvent,4,1
9,decred/dcrweb,ForkEvent,4,4
5,decred/dcrwallet,DeleteEvent,2,1
3,decred/decred-seeder,PushEvent,1,1
1,decred/dcrstakepool,ForkEvent,2,2
7,decred/decred-binaries,WatchEvent,2,2
2,decred/dcrweb,ForkEvent,2,2
11,decred/dcraddrgen,WatchEvent,1,1
9,decred/dcrd,ReleaseEvent,1,1
9,decred/dcps,IssueCommentEvent,2,2
10,decred/base58,WatchEvent,2,2
6,decred/decred-binaries,IssuesEvent,1,1
2,decred/dcrrpcclient,IssueCommentEvent,1,1
7,decred/dcr-netstats,IssuesEvent,1,1
6,decred/dcrrpcclient,ForkEvent,1,1
3,decred/dcrdocs,IssueCommentEvent,153,11
2,decred/hardforkdemo,IssuesEvent,37,7
12,decred/decrediton,IssueCommentEvent,196,26
11,decred/dcps,PullRequestEvent,2,2
7,decred/dcrdocs,IssuesEvent,9,2
9,decred/dcrd,PullRequestReviewCommentEvent,45,7
11,decred/politeia,DeleteEvent,4,1
3,decred/dcrd,IssueCommentEvent,80,9
3,decred/gominer,PullRequestEvent,6,4
10,decred/dcrwallet,IssuesEvent,18,6
4,decred/dcrwallet,IssuesEvent,43,7
9,decred/dcrdocs,ForkEvent,9,7
7,decred/gominer,WatchEvent,5,5
11,decred/decrediton,PullRequestReviewCommentEvent,32,5
7,decred/dcrstakepool,PullRequestReviewCommentEvent,14,4
11,decred/politeia,ForkEvent,5,4
2,decred/hardforkdemo,PushEvent,34,1
12,decred/dcrdocs,ForkEvent,6,6
6,decred/hardforkdemo,IssuesEvent,6,3
11,decred/dcrpayments,WatchEvent,3,3
10,decred/atomicswap,IssuesEvent,5,3
12,decred/decred-release,IssueCommentEvent,6,4
7,decred/gominer,ForkEvent,2,2
11,decred/atomicswap,PullRequestEvent,7,2
3,decred/dcrweb,PullRequestEvent,8,2
6,decred/dcrd,CreateEvent,2,1
2,decred/gominer,IssueCommentEvent,11,3
7,decred/dcrweb,IssuesEvent,8,4
5,decred/bitcore-wallet-service,IssuesEvent,2,2
2,decred/decred-windows-installer,CreateEvent,3,1
12,decred/decred-release,IssuesEvent,3,2
4,decred/decred-windows-installer,CreateEvent,2,1
8,decred/dcrwallet,ForkEvent,1,1
11,decred/dcrtime,WatchEvent,4,4
9,decred/blake256,WatchEvent,1,1
7,decred/dcrdocker,PushEvent,7,2
7,decred/dcrwallet,DeleteEvent,1,1
1,decred/dcrticketbuyer,IssueCommentEvent,3,1
5,decred/dcrrpcclient,IssueCommentEvent,2,2
6,decred/copay,PushEvent,2,2
2,decred/copay,IssueCommentEvent,1,1
6,decred/dcr-netstats,IssuesEvent,1,1
11,decred/decred-release,IssuesEvent,1,1
11,decred/insight,IssuesEvent,1,1
9,decred/insight-api,PushEvent,1,1
11,decred/insight-api,PushEvent,1,1
10,decred/dcrd,IssueCommentEvent,66,11
5,decred/dcrd,PullRequestReviewCommentEvent,18,7
6,decred/dcrweb,PullRequestEvent,16,6
5,decred/dcrdocs,IssuesEvent,94,9
11,decred/politeiagui,PullRequestEvent,45,8
9,decred/atomicswap,IssueCommentEvent,39,9
10,decred/dcrwallet,PullRequestReviewCommentEvent,46,5
4,decred/hardforkdemo,PullRequestEvent,18,4
9,decred/dcrweb,PushEvent,18,3
4,decred/hardforkdemo,IssueCommentEvent,10,2
8,decred/gominer,IssueCommentEvent,7,4
12,decred/dcrpayments,IssuesEvent,4,3
5,decred/Paymetheus,ForkEvent,3,3
1,decred/dcrweb,PullRequestEvent,2,1
10,decred/decred-binaries,ForkEvent,4,4
3,decred/decred-release,PushEvent,1,1
12,decred/dcrwebapi,IssueCommentEvent,17,5
3,decred/dcrd,ForkEvent,3,3
1,decred/dcrdocs,PushEvent,6,2
7,decred/dcrdocs,PullRequestEvent,10,3
5,decred/dcps,PullRequestEvent,2,1
10,decred/dcrutil,PullRequestEvent,6,2
5,decred/dcrweb,PullRequestEvent,19,5
3,decred/bitcore,PushEvent,1,1
7,decred/dcr-netstats,PullRequestEvent,2,1
7,decred/dcr-netstats,IssueCommentEvent,3,3
3,decred/dcrstakepool,WatchEvent,5,4
2,decred/dcrdocs,ForkEvent,2,2
11,decred/ed25519,WatchEvent,1,1
7,decred/dcrstakepool,IssuesEvent,6,5
5,decred/dcrrpcclient,PullRequestReviewCommentEvent,5,3
8,decred/hardforkdemo,ForkEvent,1,1
10,decred/dcrdocker,PullRequestEvent,2,1
4,decred/gominer,CreateEvent,1,1
6,decred/decred-seeder,IssuesEvent,4,1
12,decred/dcrdocker,WatchEvent,1,1
3,decred/dcrrpcclient,PushEvent,1,1
5,decred/bitcore-wallet-service,PushEvent,2,1
3,decred/decred-release,IssueCommentEvent,1,1
5,decred/dcrwallet,ForkEvent,1,1
2,decred/dcrrpcclient,CreateEvent,1,1
5,decred/decred-binaries,IssueCommentEvent,1,1
2,decred/insight-api,PushEvent,1,1
9,decred/dcrweb,PullRequestEvent,40,8
2,decred/dcrd,PullRequestEvent,59,6
9,decred/dcrd,IssuesEvent,11,5
11,decred/decrediton,PullRequestEvent,75,5
3,decred/dcrd,PullRequestEvent,72,7
10,decred/decrediton,PushEvent,55,1
6,decred/dcrwallet,IssuesEvent,42,9
11,decred/dcrdocs,ForkEvent,11,8
12,decred/dcrdocs,PushEvent,19,3
4,decred/decrediton,PullRequestReviewCommentEvent,15,3
3,decred/dcrd,IssuesEvent,36,8
6,decred/decrediton,PullRequestEvent,71,2
5,decred/decrediton,IssueCommentEvent,45,12
9,decred/dcrwallet,WatchEvent,6,6
3,decred/dcrstakepool,PullRequestEvent,13,7
12,decred/dcrdocs,IssueCommentEvent,117,13
7,decred/dcrwallet,PullRequestEvent,65,6
6,decred/dcrstakepool,IssuesEvent,11,5
11,decred/politeiagui,DeleteEvent,7,2
1,decred/decrediton,IssueCommentEvent,47,5
10,decred/dcrdocs,ForkEvent,5,5
5,decred/dcps,PushEvent,2,1
9,decred/Paymetheus,PullRequestEvent,2,1
7,decred/dcrweb,ForkEvent,2,2
8,decred/decred-release,CreateEvent,2,1
5,decred/dcraddrgen,IssuesEvent,2,1
7,decred/decred-release,ForkEvent,1,1
8,decred/dcraddrgen,PullRequestReviewCommentEvent,1,1
6,decred/gominer,WatchEvent,4,4
3,decred/hardforkdemo,ForkEvent,1,1
5,decred/dcraddrgen,PullRequestEvent,4,2
10,decred/dcrdocker,IssueCommentEvent,1,1
10,decred/politeia,PullRequestReviewCommentEvent,2,2
8,decred/dcrwallet,ReleaseEvent,1,1
9,decred/atomicswap,PullRequestReviewCommentEvent,5,2
3,decred/decrediton,WatchEvent,3,3
3,decred/decred-windows-installer,IssuesEvent,1,1
5,decred/Paymetheus,CreateEvent,1,1
4,decred/dcrd,ForkEvent,2,2
6,decred/dcraddrgen,WatchEvent,1,1
4,decred/bitcore-mnemonic,IssuesEvent,2,1
8,decred/dcrutil,PullRequestReviewCommentEvent,1,1
6,decred/dcr-netstats,PushEvent,1,1
1,decred/Paymetheus,PullRequestEvent,1,1
8,decred/dcrlnd,WatchEvent,1,1
9,decred/decrediton,IssuesEvent,70,14
3,decred/dcrd,PullRequestReviewCommentEvent,62,6
11,decred/politeia,PushEvent,92,1
8,decred/dcrwallet,IssuesEvent,35,8
12,decred/politeiagui,PushEvent,29,3
12,decred/dcrstakepool,PullRequestEvent,11,4
5,decred/dcrutil,PullRequestEvent,20,4
3,decred/dcrdocs,PullRequestEvent,64,10
11,decred/politeiagui,IssuesEvent,26,5
7,decred/bitcore-wallet-service,PullRequestReviewCommentEvent,3,2
6,decred/dcrd,ForkEvent,3,3
5,decred/ccminer,PullRequestEvent,2,1
7,decred/decrediton,IssuesEvent,38,7
12,decred/decrediton,PullRequestReviewCommentEvent,14,3
11,decred/politeiagui,IssueCommentEvent,19,5
5,decred/dcrstakepool,IssueCommentEvent,8,3
6,decred/dcrdocs,PullRequestReviewCommentEvent,14,3
9,decred/dcrstakepool,PullRequestEvent,8,2
4,decred/decred-irc-price-bot,PullRequestEvent,2,1
7,decred/decred-release,IssuesEvent,2,2
12,decred/decred-binaries,ForkEvent,1,1
7,decred/bitcore-wallet-service,IssueCommentEvent,5,2
5,decred/dcr-netstats,PullRequestEvent,3,2
7,decred/copay,IssuesEvent,5,2
5,decred/dcrstakepool,WatchEvent,1,1
5,decred/dcraddrgen,PushEvent,2,2
7,decred/dcrstakepool,PullRequestEvent,6,3
7,decred/dcrstakepool,WatchEvent,3,3
6,decred/Paymetheus,CreateEvent,3,1
11,decred/dcrwallet,ForkEvent,11,11
6,decred/gominer,ForkEvent,2,2
12,decred/dcrtime,WatchEvent,1,1
8,decred/dcraddrgen,PullRequestEvent,2,2
12,decred/decrediton,CreateEvent,2,1
12,decred/dcps,ForkEvent,2,2
2,decred/testnetfaucet,CreateEvent,2,2
3,decred/gominer,WatchEvent,2,2
4,decred/gominer,WatchEvent,2,2
11,decred/politeiagui,WatchEvent,6,6
9,decred/dcrwallet,ReleaseEvent,1,1
6,decred/decred-binaries,PushEvent,4,1
2,decred/dcrutil,CreateEvent,1,1
9,decred/testnetfaucet,IssueCommentEvent,1,1
6,decred/dcrtime,IssueCommentEvent,4,3
3,decred/Paymetheus,WatchEvent,2,2
8,decred/dcrdocker,PushEvent,3,2
12,decred/decred-binaries,ReleaseEvent,2,1
6,decred/dcrrpcclient,PullRequestReviewCommentEvent,1,1
2,decred/testnetfaucet,IssueCommentEvent,1,1
8,decred/hardforkdemo,PushEvent,1,1
7,decred/dcrrpcclient,ForkEvent,1,1
8,decred/dcraddrgen,PushEvent,1,1
4,decred/hardforkdemo,IssuesEvent,1,1
1,decred/decrediton,PullRequestEvent,92,3
12,decred/decrediton,PushEvent,55,2
12,decred/atomicswap,WatchEvent,23,22
1,decred/dcrwallet,PushEvent,25,2
11,decred/dcrdocs,IssueCommentEvent,17,6
8,decred/decrediton,PushEvent,58,1
5,decred/dcrstakepool,IssuesEvent,13,4
8,decred/decred-release,PushEvent,6,3
4,decred/Paymetheus,IssuesEvent,24,9
6,decred/dcrdocker,PullRequestEvent,13,1
12,decred/decrediton,WatchEvent,9,9
10,decred/dcrd,PullRequestEvent,60,8
7,decred/copay,IssueCommentEvent,4,2
4,decred/dcrstakepool,IssuesEvent,26,6
5,decred/decrediton,WatchEvent,5,5
8,decred/decred-windows-installer,PullRequestEvent,19,3
12,decred/politeia,CreateEvent,9,1
3,decred/dcrwallet,IssueCommentEvent,48,10
4,decred/decred-release,PushEvent,6,2
5,decred/hardforkdemo,ForkEvent,2,2
11,decred/decred-binaries,WatchEvent,3,3
6,decred/dcrstakepool,ForkEvent,1,1
5,decred/decred-release,PushEvent,3,3
6,decred/dcrrpcclient,IssuesEvent,2,1
12,decred/dcrwebapi,PullRequestEvent,6,3
8,decred/dcrtime,DeleteEvent,4,1
5,decred/decred-binaries,PushEvent,2,1
8,decred/hardforkdemo,WatchEvent,1,1
6,decred/gominer,PushEvent,2,2
9,decred/dcrstakepool,PullRequestReviewCommentEvent,2,2
6,decred/bitcore-wallet-service,WatchEvent,1,1
8,decred/dcraddrgen,ForkEvent,1,1
7,decred/testnetfaucet,PullRequestEvent,1,1
12,decred/insight,ForkEvent,2,2
10,decred/politeiagui,ForkEvent,2,2
6,decred/dcrrpcclient,IssueCommentEvent,1,1
10,decred/decred-release,PullRequestEvent,1,1
2,decred/dcrwallet,CreateEvent,2,1
2,decred/dcrwallet,ForkEvent,1,1
12,decred/decrediton,IssuesEvent,86,20
11,decred/dcrpayments,PullRequestEvent,6,1
4,decred/dcrstakepool,PushEvent,30,3
11,decred/dcrd,PullRequestEvent,38,11
11,decred/decrediton,IssuesEvent,79,11
5,decred/cgminer,PushEvent,1,1
10,decred/atomicswap,PullRequestEvent,10,4
7,decred/dcrd,PushEvent,43,3
12,decred/dcrd,PullRequestEvent,32,9
6,decred/dcrstakepool,PullRequestEvent,17,4
9,decred/decred-binaries,WatchEvent,2,2
11,decred/snew-classic-ui,PushEvent,6,1
3,decred/dcrstakepool,PushEvent,6,2
9,decred/dcps,PullRequestEvent,6,1
10,decred/politeia,IssuesEvent,10,2
9,decred/dcrdocs,IssuesEvent,24,8
6,decred/dcrdocs,ForkEvent,7,6
3,decred/decrediton,IssueCommentEvent,20,4
5,decred/Paymetheus,IssuesEvent,27,7
4,decred/dcrrpcclient,IssuesEvent,3,2
4,decred/decred-release,IssueCommentEvent,15,4
9,decred/dcrutil,PushEvent,1,1
8,decred/gominer,PullRequestReviewCommentEvent,4,3
5,decred/bitcore-wallet-client,PullRequestEvent,2,2
8,decred/crypto-browserify,IssueCommentEvent,1,1
6,decred/copay,PullRequestEvent,5,2
3,decred/ccminer,WatchEvent,1,1
2,decred/decred-windows-installer,IssuesEvent,3,2
9,decred/dcrdocker,PullRequestEvent,5,1
10,decred/dcrrpcclient,PushEvent,2,2
10,decred/politeia,CreateEvent,2,1
10,decred/dcps,ForkEvent,1,1
1,decred/dcrstakepool,IssuesEvent,1,1
8,decred/dcrstakepool,PushEvent,2,1
1,decred/dcr-netstats,PullRequestEvent,1,1
11,decred/dcps,WatchEvent,2,2
8,decred/hardforkdemo,PullRequestEvent,2,2
7,decred/dcps,PullRequestEvent,2,1
12,decred/dcrweb,WatchEvent,1,1
1,decred/gominer,PushEvent,1,1
6,decred/decrediton,PullRequestReviewCommentEvent,1,1
10,decred/politeiagui,WatchEvent,2,2
9,decred/atomicswap,WatchEvent,95,93
2,decred/hardforkdemo,ForkEvent,8,6
11,decred/testnetfaucet,IssuesEvent,4,1
5,decred/dcrdocs,IssueCommentEvent,92,10
5,decred/hardforkdemo,PullRequestEvent,77,5
11,decred/atomicswap,ForkEvent,12,12
4,decred/dcrd,CreateEvent,2,1
10,decred/atomicswap,PushEvent,5,1
12,decred/dcrwallet,IssueCommentEvent,27,6
6,decred/decrediton,IssuesEvent,67,9
2,decred/decrediton,CreateEvent,2,1
3,decred/dcrdocs,IssuesEvent,64,10
9,decred/hardforkdemo,PullRequestEvent,20,5
6,decred/dcrwallet,PullRequestReviewCommentEvent,16,3
11,decred/insight,WatchEvent,1,1
9,decred/decrediton,WatchEvent,10,10
10,decred/gominer,IssuesEvent,6,3
9,decred/decred-release,CreateEvent,1,1
5,decred/Paymetheus,PushEvent,13,1
9,decred/dcrwallet,ForkEvent,3,3
2,decred/gominer,PushEvent,6,2
5,decred/dcrstakepool,PullRequestEvent,21,3
3,decred/decred-binaries,IssuesEvent,2,1
6,decred/Paymetheus,PushEvent,7,2
9,decred/dcrstakepool,IssueCommentEvent,13,3
5,decred/hardforkdemo,PullRequestReviewCommentEvent,2,2
10,decred/dcrstakepool,WatchEvent,3,3
7,decred/gominer,PullRequestEvent,2,1
10,decred/insight,PullRequestEvent,1,1
5,decred/cgminer,IssueCommentEvent,6,1
11,decred/testnetfaucet,PushEvent,4,3
9,decred/dcrutil,WatchEvent,1,1
12,decred/dcraddrgen,WatchEvent,2,2
9,decred/dcrstakepool,ForkEvent,1,1
3,decred/decred-seeder,ForkEvent,1,1
1,decred/decred-release,IssuesEvent,2,2
12,decred/dcrwallet,CreateEvent,1,1
10,decred/base58,PushEvent,1,1
7,decred/decred-release,IssueCommentEvent,1,1
8,decred/decred-windows-installer,ForkEvent,2,2
6,decred/decred-windows-installer,PullRequestEvent,10,2
2,decred/decrediton,IssuesEvent,62,3
2,decred/dcrd,PushEvent,29,6
3,decred/Paymetheus,PullRequestReviewCommentEvent,21,2
9,decred/dcrwallet,PushEvent,18,3
10,decred/dcrrpcclient,PullRequestEvent,7,3
2,decred/dcrwallet,PullRequestEvent,53,7
2,decred/dcrrpcclient,IssuesEvent,7,3
4,decred/dcrdocs,IssuesEvent,64,8
4,decred/dcrweb,IssuesEvent,6,4
5,decred/dcrutil,PushEvent,9,4
8,decred/dcrwallet,PushEvent,27,5
7,decred/dcrweb,IssueCommentEvent,16,6
5,decred/dcps,WatchEvent,1,1
6,decred/decred-release,PullRequestEvent,8,1
11,decred/insight,IssueCommentEvent,8,3
2,decred/testnetfaucet,PushEvent,5,1
7,decred/dcrwebapi,PullRequestReviewCommentEvent,8,3
10,decred/reddit,MemberEvent,2,1
11,decred/decred-binaries,ForkEvent,2,2
6,decred/dcrdocs,IssueCommentEvent,10,6
2,decred/decred-release,IssueCommentEvent,7,4
4,decred/Paymetheus,WatchEvent,1,1
7,decred/dcrdocs,PushEvent,3,1
7,decred/hardforkdemo,PullRequestEvent,4,1
11,decred/dcrtime,PullRequestEvent,3,1
12,decred/copay,ForkEvent,1,1
4,decred/dcrstakepool,ForkEvent,3,3
1,decred/dcrweb,PushEvent,1,1
11,decred/dcrtime,IssuesEvent,2,2
11,decred/dcrstakepool,PullRequestEvent,4,1
1,decred/Paymetheus,IssuesEvent,2,2
12,decred/decred-release,ForkEvent,2,2
10,decred/gominer,ForkEvent,3,3
9,decred/gominer,WatchEvent,2,2
6,decred/decred-seeder,PushEvent,2,1
8,decred/decred-release,ReleaseEvent,2,1
12,decred/bitcore,ForkEvent,1,1
8,decred/dcrrpcclient,PullRequestEvent,1,1
11,decred/politeia,CommitCommentEvent,1,1
11,decred/testnetfaucet,ForkEvent,1,1
7,decred/dcrwebapi,PullRequestEvent,1,1
10,decred/hardforkdemo,IssuesEvent,4,2
4,decred/dcrdocs,IssueCommentEvent,152,13
1,decred/dcrwallet,IssuesEvent,29,7
2,decred/dcrwallet,PushEvent,27,3
4,decred/dcrwallet,PullRequestEvent,93,7
12,decred/politeia,IssuesEvent,33,6
12,decred/politeia,PullRequestEvent,40,5
11,decred/atomicswap,WatchEvent,45,45
2,decred/dcrwallet,IssuesEvent,39,13
1,decred/decrediton,WatchEvent,3,3
8,decred/dcrd,PullRequestEvent,101,6
3,decred/dcrutil,PullRequestEvent,10,3
8,decred/decred-release,IssuesEvent,5,2
3,decred/dcrstakepool,IssueCommentEvent,13,6
10,decred/politeiagui,PushEvent,22,2
6,decred/dcrtime,PushEvent,15,3
6,decred/dcrd,PullRequestEvent,34,6
6,decred/copay,IssuesEvent,12,2
9,decred/dcrwallet,IssueCommentEvent,33,9
8,decred/insight-api,PullRequestEvent,1,1
9,decred/decred-release,PullRequestEvent,10,1
11,decred/dcrweb,PushEvent,22,3
11,decred/dcrtime,PushEvent,2,1
5,decred/hardforkdemo,PushEvent,39,1
5,decred/decred-release,WatchEvent,6,6
9,decred/decrediton,ReleaseEvent,2,1
2,decred/dcrdocs,WatchEvent,2,2
10,decred/gominer,IssueCommentEvent,7,4
3,decred/hardforkdemo,PushEvent,6,1
4,decred/dcrrpcclient,DeleteEvent,1,1
12,decred/decred-release,PullRequestEvent,4,2
10,decred/gominer,WatchEvent,2,2
12,decred/dcrwebapi,IssuesEvent,3,2
6,decred/decred-release,WatchEvent,3,3
10,decred/dcraddrgen,ForkEvent,1,1
3,decred/dcrticketbuyer,WatchEvent,1,1
2,decred/bitcore,PushEvent,1,1
10,decred/decred-release,WatchEvent,1,1
6,decred/decred-windows-installer,CreateEvent,3,1
8,decred/dcrweb,WatchEvent,2,2
8,decred/gominer,IssuesEvent,1,1
4,decred/insight,ForkEvent,2,2
9,decred/decred-release,ReleaseEvent,1,1
5,decred/Paymetheus,WatchEvent,2,2
8,decred/decred-binaries,CreateEvent,2,1
8,decred/dcrwebapi,ForkEvent,1,1
10,decred/decred-binaries,PushEvent,1,1
4,decred/bitcore,ForkEvent,1,1
4,decred/testnetfaucet,ForkEvent,1,1
2,decred/insight-api,PullRequestEvent,2,2
6,decred/dcr-docker,CreateEvent,1,1
10,decred/dcrlnd,WatchEvent,2,2
12,decred/politeia,WatchEvent,2,2
8,decred/decred-release,IssueCommentEvent,1,1
4,decred/decred-windows-installer,IssueCommentEvent,1,1
4,decred/insight,WatchEvent,1,1
8,decred/dcrweb,ForkEvent,2,2
1,decred/dcrdocs,PullRequestEvent,15,5
12,decred/dcrwallet,PullRequestEvent,23,9
2,decred/Paymetheus,IssuesEvent,8,5
6,decred/dcrdocs,PullRequestEvent,22,5
4,decred/dcrdocs,PushEvent,31,2
10,decred/base58,PullRequestEvent,6,2
3,decred/dcrwallet,PullRequestReviewCommentEvent,129,7
9,decred/decrediton,PushEvent,52,1
4,decred/dcrdocs,PullRequestReviewCommentEvent,32,3
5,decred/decred-binaries,WatchEvent,1,1
7,decred/dcrwebapi,WatchEvent,2,2
8,decred/decred-windows-installer,PushEvent,8,3
4,decred/dcrdocs,ForkEvent,16,12
10,decred/hardforkdemo,PushEvent,5,2
8,decred/dcrtime,PushEvent,10,1
6,decred/dcrwallet,PushEvent,35,5
2,decred/hardforkdemo,IssueCommentEvent,20,4
3,decred/dcrstakepool,IssuesEvent,12,7
5,decred/decrediton,IssuesEvent,41,8
7,decred/dcrdocker,IssuesEvent,8,1
5,decred/dcrutil,IssueCommentEvent,3,2
12,decred/atomicswap,PullRequestReviewCommentEvent,4,2
3,decred/dcrwallet,PushEvent,24,4
4,decred/dcrstakepool,IssueCommentEvent,36,9
7,decred/dcrd,ForkEvent,9,9
11,decred/dcrweb,ForkEvent,4,4
4,decred/decred-binaries,WatchEvent,2,2
12,decred/dcrwebapi,PullRequestReviewCommentEvent,19,5
8,decred/decred-binaries,WatchEvent,1,1
7,decred/dcrd,WatchEvent,14,14
9,decred/dcps,PullRequestReviewCommentEvent,6,2
6,decred/gominer,PullRequestReviewCommentEvent,2,2
3,decred/decred-windows-installer,PushEvent,1,1
6,decred/hardforkdemo,PullRequestEvent,10,2
3,decred/Paymetheus,IssuesEvent,5,4
4,decred/decrediton,CreateEvent,2,1
5,decred/dcr-netstats,IssuesEvent,3,1
1,decred/dcrd,ForkEvent,2,2
2,decred/decred-release,WatchEvent,5,5
5,decred/decrediton,CreateEvent,1,1
5,decred/insight,PullRequestEvent,16,1
1,decred/dcrdocs,ForkEvent,7,6
4,decred/dcrwallet,CreateEvent,2,1
6,decred/decrediton,ForkEvent,2,2
9,decred/decred-release,WatchEvent,3,3
12,decred/decred-release,CreateEvent,1,1
10,decred/dcrutil,ForkEvent,1,1
9,decred/decred-windows-installer,IssuesEvent,1,1
10,decred/politeiagui,DeleteEvent,2,2
8,decred/dcrstakepool,PullRequestReviewCommentEvent,1,1
4,decred/dcrrpcclient,CreateEvent,1,1
1,decred/decred-release,WatchEvent,1,1
6,decred/insight,WatchEvent,1,1
9,decred/dcrwallet,CreateEvent,1,1
2,decred/blake256,WatchEvent,2,2
12,decred/dcrwallet,ReleaseEvent,1,1
7,decred/dcrdocker,ForkEvent,3,3
3,decred/dcraddrgen,ForkEvent,1,1
10,decred/dcraddrgen,PushEvent,1,1
5,decred/testnetfaucet,IssuesEvent,1,1
10,decred/dcrstakepool,PullRequestEvent,8,4
2,decred/decred-release,PushEvent,6,1
5,decred/dcrwallet,PushEvent,40,5
10,decred/dcrwebapi,IssueCommentEvent,13,3
12,decred/decred-binaries,PullRequestEvent,4,2
7,decred/dcrd,IssueCommentEvent,19,6
6,decred/insight-api,PullRequestReviewCommentEvent,3,2
8,decred/dcrwallet,PullRequestEvent,56,7
7,decred/dcrd,PullRequestEvent,76,6
9,decred/dcrd,IssueCommentEvent,63,11
8,decred/dcrwallet,IssueCommentEvent,48,10
11,decred/dcrwallet,IssueCommentEvent,16,8
10,decred/decrediton,IssuesEvent,102,15
8,decred/dcrdocs,PullRequestEvent,23,8
6,decred/dcrweb,ForkEvent,2,2
12,decred/decred-release,WatchEvent,5,5
11,decred/dcrdocs,PullRequestEvent,18,6
10,decred/decrediton,ForkEvent,10,7
6,decred/decred-binaries,PullRequestReviewCommentEvent,4,2
4,decred/dcrd,IssuesEvent,15,7
2,decred/dcrticketbuyer,IssuesEvent,14,3
7,decred/blake256,WatchEvent,1,1
6,decred/decred-release,IssuesEvent,4,1
5,decred/dcrd,ForkEvent,6,6
8,decred/decrediton,CreateEvent,2,1
1,decred/decred-release,IssueCommentEvent,3,2
1,decred/dcrrpcclient,PullRequestEvent,2,2
2,decred/decred-windows-installer,PullRequestEvent,12,2
8,decred/dcrstakepool,PullRequestEvent,6,2
6,decred/dcrd,IssuesEvent,10,3
4,decred/decred-binaries,PullRequestEvent,8,1
11,decred/politeiagui,ForkEvent,6,6
5,decred/dcps,ForkEvent,1,1
4,decred/decred-windows-installer,PullRequestEvent,6,2
4,decred/decred-binaries,PushEvent,4,1
5,decred/copay,ForkEvent,1,1
11,decred/dcrstakepool,WatchEvent,6,6
6,decred/decred-seeder,PullRequestEvent,4,1
9,decred/dcrutil,IssuesEvent,3,1
1,decred/dcr-netstats,PushEvent,1,1
1,decred/dcrticketbuyer,IssuesEvent,5,2
3,decred/dcrdocs,ForkEvent,5,5
3,decred/Paymetheus,PushEvent,1,1
4,decred/Paymetheus,CreateEvent,2,1
9,decred/decred-windows-installer,PushEvent,1,1
9,decred/copay,IssuesEvent,1,1
3,decred/dcrutil,CommitCommentEvent,1,1
11,decred/gominer,ForkEvent,1,1
6,decred/Paymetheus,IssueCommentEvent,24,5
8,decred/decrediton,IssuesEvent,61,10
9,decred/dcrwallet,IssuesEvent,21,10
4,decred/decrediton,IssueCommentEvent,32,5
11,decred/dcrd,ForkEvent,14,14
12,decred/dcrstakepool,IssueCommentEvent,29,4
7,decred/Paymetheus,IssuesEvent,8,6
7,decred/dcrrpcclient,PushEvent,7,1
10,decred/atomicswap,WatchEvent,38,36
12,decred/atomicswap,PullRequestEvent,6,2
11,decred/dcrweb,PullRequestEvent,47,8
10,decred/politeia,WatchEvent,9,9
5,decred/cgminer,IssuesEvent,8,1
8,decred/dcrd,DeleteEvent,14,1
10,decred/dcrwallet,IssueCommentEvent,25,7
3,decred/copay,IssuesEvent,5,3
3,decred/hardforkdemo,PullRequestEvent,13,4
8,decred/dcrweb,IssueCommentEvent,17,9
2,decred/dcrd,WatchEvent,10,10
5,decred/decrediton,PushEvent,19,2
7,decred/dcrwallet,WatchEvent,3,3
12,decred/politeiagui,WatchEvent,3,3
6,decred/crypto-browserify,PullRequestEvent,6,1
11,decred/insight,PullRequestEvent,2,2
10,decred/testnetfaucet,ForkEvent,1,1
7,decred/dcrstakepool,PushEvent,3,1
10,decred/dcrutil,PullRequestReviewCommentEvent,2,2
8,decred/dcraddrgen,IssueCommentEvent,1,1
12,decred/dcrwallet,WatchEvent,14,14
11,decred/dcrlnd,WatchEvent,1,1
4,decred/copay,WatchEvent,1,1
10,decred/dcrwebapi,ForkEvent,3,3
2,decred/decred-irc-price-bot,ForkEvent,1,1
12,decred/bitset,ForkEvent,1,1
8,decred/dcrwallet,WatchEvent,4,4
2,decred/insight,IssuesEvent,1,1
3,decred/dcrstakepool,PullRequestReviewCommentEvent,3,1
10,decred/dcrdocs,WatchEvent,2,2
6,decred/Paymetheus,ForkEvent,1,1
11,decred/dcrstakepool,ForkEvent,2,2
5,decred/dcrdocs,ForkEvent,1,1
6,decred/dcrdocs,WatchEvent,1,1
3,decred/dcrwallet,ForkEvent,1,1
8,decred/dcrwallet,CreateEvent,2,2
3,decred/decred-release,PullRequestEvent,2,1
7,decred/dcrwallet,CreateEvent,1,1
12,decred/dcrd,CreateEvent,1,1
5,decred/decred-binaries,CreateEvent,1,1
3,decred/dcraddrgen,PullRequestEvent,2,1
11,decred/politeia,PullRequestReviewCommentEvent,100,7
3,decred/dcrwallet,IssuesEvent,44,10
11,decred/dcrwallet,PullRequestReviewCommentEvent,34,3
12,decred/decrediton,PullRequestEvent,122,6
6,decred/dcrstakepool,WatchEvent,5,5
4,decred/dcrd,PullRequestEvent,49,7
5,decred/dcrdocs,PullRequestEvent,39,6
2,decred/hardforkdemo,PullRequestEvent,66,6
10,decred/dcrwallet,WatchEvent,5,5
2,decred/testnetfaucet,ForkEvent,3,3
10,decred/dcrwallet,PullRequestEvent,33,7
3,decred/decred-windows-installer,PullRequestEvent,1,1
4,decred/dcrrpcclient,PullRequestEvent,10,4
11,decred/dcrd,PullRequestReviewCommentEvent,17,8
5,decred/dcrwallet,WatchEvent,5,5
6,decred/Paymetheus,PullRequestEvent,14,2
8,decred/dcrd,IssuesEvent,29,9
2,decred/testnetfaucet,PullRequestEvent,13,3
8,decred/decrediton,PullRequestReviewCommentEvent,7,3
1,decred/decrediton,IssuesEvent,74,4
9,decred/dcrdocs,WatchEvent,3,3
9,decred/dcrd,PushEvent,25,3
5,decred/dcrd,PushEvent,14,6
2,decred/decred-binaries,IssuesEvent,7,2
4,decred/decred-binaries,ReleaseEvent,3,1
6,decred/bitcore-wallet-service,PullRequestEvent,3,2
5,decred/decred-windows-installer,IssueCommentEvent,16,5
12,decred/decred-binaries,WatchEvent,4,4
1,decred/Paymetheus,IssueCommentEvent,1,1
8,decred/dcrd,WatchEvent,16,16
7,decred/insight-api,IssueCommentEvent,12,2
5,decred/dcr-netstats,PushEvent,1,1
8,decred/dcrweb,PullRequestReviewCommentEvent,5,4
7,decred/dcrweb,PullRequestEvent,8,5
8,decred/copay,IssueCommentEvent,3,1
1,decred/dcrstakepool,IssueCommentEvent,1,1
12,decred/decred-binaries,IssueCommentEvent,4,4
4,decred/dcrd,WatchEvent,8,7
10,decred/dcrwallet,PushEvent,11,3
8,decred/cgminer,WatchEvent,1,1
11,decred/dcrpayments,IssueCommentEvent,1,1
11,decred/politeiagui,CreateEvent,7,1
3,decred/insight,IssuesEvent,3,1
10,decred/dcrtime,ForkEvent,1,1
8,decred/dcrdocs,WatchEvent,3,3
6,decred/dcrdocker,ForkEvent,1,1
5,decred/bitcore-wallet-client,IssuesEvent,1,1
9,decred/atomicswap,PublicEvent,1,1
8,decred/Paymetheus,PushEvent,4,1
12,decred/decred-binaries,PullRequestReviewCommentEvent,1,1
6,decred/dcrtime,WatchEvent,1,1
10,decred/dcrrpcclient,ForkEvent,1,1
2,decred/dcrwallet,IssueCommentEvent,77,14
8,decred/dcrd,IssueCommentEvent,35,6
7,decred/decrediton,PullRequestEvent,66,4
2,decred/dcrweb,PullRequestEvent,20,4
2,decred/decred-release,PullRequestEvent,12,1
2,decred/dcrdocs,PullRequestEvent,38,9
7,decred/dcrutil,PushEvent,2,1
4,decred/gominer,PushEvent,2,2
3,decred/dcps,CreateEvent,1,1
8,decred/dcrdocs,IssueCommentEvent,11,6
9,decred/decred-binaries,PullRequestEvent,6,2
11,decred/dcrstakepool,IssuesEvent,6,1
6,decred/dcrwallet,WatchEvent,5,5
6,decred/bitset,ForkEvent,1,1
3,decred/decrediton,IssuesEvent,35,4
12,decred/dcrd,PullRequestReviewCommentEvent,24,4
9,decred/dcrtime,PullRequestEvent,5,2
12,decred/dcrpayments,WatchEvent,3,3
2,decred/dcrrpcclient,PullRequestEvent,13,3
2,decred/Paymetheus,IssueCommentEvent,12,6
4,decred/gominer,IssuesEvent,2,2
11,decred/dcrpayments,PushEvent,3,1
2,decred/gominer,PullRequestEvent,12,2
8,decred/dcrrpcclient,PushEvent,1,1
8,decred/dcrstakepool,WatchEvent,4,4
7,decred/dcrutil,IssueCommentEvent,6,2
9,decred/gominer,PullRequestEvent,4,1
4,decred/decred-binaries,CreateEvent,3,1
11,decred/dcrlnd,PushEvent,1,1
9,decred/dcrweb,WatchEvent,2,2
3,decred/bitcore,PullRequestEvent,2,1
4,decred/decred-release,WatchEvent,2,2
9,decred/haste,IssuesEvent,1,1
10,decred/decred-binaries,PullRequestEvent,2,1
6,decred/decred-binaries,IssueCommentEvent,1,1
6,decred/dcr-netstats,ForkEvent,1,1
2,decred/insight,ForkEvent,1,1
8,decred/dcrdocker,WatchEvent,1,1
10,decred/dcrtime,PullRequestEvent,1,1
9,decred/dcrwallet,PullRequestEvent,39,5
6,decred/dcrwallet,PullRequestEvent,70,7
2,decred/copay,PullRequestEvent,3,1
8,decred/dcrwallet,PullRequestReviewCommentEvent,26,5
5,decred/decrediton,PullRequestEvent,38,2
6,decred/decred-release,IssueCommentEvent,9,3
2,decred/decrediton,PullRequestEvent,56,3
5,decred/insight-api,PushEvent,9,1
12,decred/dcrstakepool,ForkEvent,7,6
6,decred/dcrd,WatchEvent,10,10
10,decred/dcrweb,IssueCommentEvent,16,7
10,decred/dcrdocs,PushEvent,6,3
5,decred/decred-binaries,PullRequestEvent,4,1
5,decred/hardforkdemo,IssuesEvent,52,9
4,decred/bitcore-lib,ForkEvent,1,1
9,decred/dcrlnd,WatchEvent,3,3
9,decred/dcrutil,PullRequestEvent,5,3
6,decred/dcrtime,PullRequestEvent,21,4
6,decred/decred-release,PushEvent,4,1
8,decred/dcrutil,PullRequestEvent,6,2
2,decred/Paymetheus,PushEvent,7,2
4,decred/bitcore-wallet-client,ForkEvent,1,1
7,decred/dcrdocker,IssueCommentEvent,5,2
10,decred/dcrwebapi,PullRequestEvent,2,2
6,decred/dcrwallet,ForkEvent,4,4
7,decred/hardforkdemo,PushEvent,2,1
6,decred/dcrstakepool,PushEvent,8,3
6,decred/dcrdocker,IssueCommentEvent,3,2
5,decred/decrediton,PullRequestReviewCommentEvent,7,2
2,decred/dcrticketbuyer,PullRequestEvent,4,2
5,decred/dcr-netstats,ForkEvent,3,3
12,decred/dcrwebapi,WatchEvent,2,2
7,decred/testnetfaucet,ForkEvent,1,1
12,decred/dcrtime,PullRequestEvent,1,1
9,decred/hardforkdemo,IssueCommentEvent,4,3
8,decred/dcrd,ForkEvent,3,3
9,decred/gominer,PushEvent,2,1
12,decred/dcrstakepool,WatchEvent,3,3
11,decred/gominer,WatchEvent,3,3
9,decred/Paymetheus,IssuesEvent,2,1
3,decred/copay,PushEvent,2,1
2,decred/insight,PullRequestEvent,1,1
11,decred/insight,PullRequestReviewCommentEvent,1,1
3,decred/dcrwallet,WatchEvent,2,2
2,decred/dcrticketbuyer,PushEvent,2,2
6,decred/blake256,ForkEvent,1,1
7,decred/dcrwallet,PullRequestReviewCommentEvent,10,5
3,decred/dcrdocs,PullRequestReviewCommentEvent,172,6
4,decred/dcrstakepool,PullRequestEvent,71,6
3,decred/Paymetheus,IssueCommentEvent,4,3
10,decred/dcrd,PullRequestReviewCommentEvent,72,7
12,decred/politeiagui,PullRequestEvent,44,6
4,decred/decrediton,PullRequestEvent,77,4
3,decred/decrediton,PullRequestEvent,54,3
6,decred/gominer,IssuesEvent,4,3
5,decred/dcrwallet,IssuesEvent,77,9
3,decred/dcrwallet,PullRequestEvent,48,7
3,decred/bitcore,IssueCommentEvent,3,2
11,decred/dcrwebapi,IssueCommentEvent,7,3
11,decred/politeia,PullRequestEvent,65,7
4,decred/decrediton,IssuesEvent,33,6
4,decred/Paymetheus,PullRequestEvent,23,3
7,decred/decrediton,IssueCommentEvent,29,10
5,decred/dcrrpcclient,PushEvent,5,3
7,decred/dcrrpcclient,PullRequestEvent,11,3
9,decred/atomicswap,IssuesEvent,16,6
10,decred/dcrd,PushEvent,25,3
2,decred/dcrdocs,PushEvent,15,4
10,decred/dcrdocker,ForkEvent,2,2
3,decred/testnetfaucet,PullRequestEvent,5,2
9,decred/atomicswap,PushEvent,13,2
8,decred/dcr-netstats,IssuesEvent,1,1
10,decred/dcrd,ForkEvent,10,9
2,decred/decred-binaries,PushEvent,5,1
7,decred/dcr-netstats,PushEvent,1,1
10,decred/dcrstakepool,IssuesEvent,6,1
8,decred/dcrdocs,ForkEvent,5,5
8,decred/dcrd,CreateEvent,1,1
4,decred/bitcore,PushEvent,3,1
6,decred/gominer,PullRequestEvent,4,3
9,decred/dcrweb,PullRequestReviewCommentEvent,3,2
3,decred/dcrd,WatchEvent,8,8
8,decred/insight-api,PushEvent,1,1
11,decred/atomicswap,PullRequestReviewCommentEvent,12,2
9,decred/Paymetheus,PushEvent,1,1
4,decred/dcrstakepool,WatchEvent,3,3
6,decred/dcrutil,IssueCommentEvent,1,1
4,decred/copay,ForkEvent,1,1
6,decred/insight-api,PullRequestEvent,3,1
6,decred/dcrdocker,CreateEvent,1,1
1,decred/insight,WatchEvent,1,1
8,decred/dcrstakepool,ForkEvent,1,1
7,decred/dcrtime,ForkEvent,1,1
12,decred/politeiagui,DeleteEvent,3,1
11,decred/ed25519,ForkEvent,1,1
1,decred/dcrdocs,WatchEvent,1,1
5,decred/Paymetheus,PullRequestEvent,26,2
9,decred/dcrwallet,PullRequestReviewCommentEvent,16,4
9,decred/decred-release,PushEvent,5,1
5,decred/dcrutil,IssuesEvent,5,2
3,decred/copay,IssueCommentEvent,11,3
10,decred/dcrutil,IssuesEvent,6,3
9,decred/Paymetheus,IssueCommentEvent,3,2
12,decred/decrediton,ForkEvent,10,8
7,decred/dcrwallet,PushEvent,30,5
7,decred/dcrutil,PullRequestEvent,6,2
5,decred/copay,PullRequestEvent,2,2
9,decred/insight-api,PullRequestEvent,2,1
11,decred/gominer,IssuesEvent,2,2
12,decred/dcrweb,IssuesEvent,15,9
9,decred/gominer,IssueCommentEvent,4,2
11,decred/decred-binaries,IssueCommentEvent,3,2
11,decred/base58,ForkEvent,1,1
10,decred/dcrweb,ForkEvent,5,5
5,decred/dcrdocs,PushEvent,21,2
11,decred/dcrwebapi,PullRequestReviewCommentEvent,3,1
6,decred/hardforkdemo,PushEvent,5,1
8,decred/decred-binaries,ReleaseEvent,2,1
11,decred/dcrlnd,CreateEvent,1,1
9,decred/decred-binaries,PushEvent,3,2
2,decred/gominer,CreateEvent,1,1
12,decred/politeia,DeleteEvent,7,1
12,decred/dcrdocs,WatchEvent,5,5
7,decred/decrediton,ForkEvent,7,7
12,decred/dcrpayments,ForkEvent,1,1
11,decred/decred-release,ForkEvent,1,1
8,decred/Paymetheus,PullRequestEvent,8,2
4,decred/copay,IssueCommentEvent,1,1
7,decred/copay,PullRequestEvent,1,1
3,decred/dcrrpcclient,IssueCommentEvent,2,2
9,decred/decred-release,ForkEvent,1,1
7,decred/dcps,PushEvent,1,1
12,decred/decrediton,MemberEvent,1,1
1,decred/dcrdocs,IssuesEvent,18,4
2,decred/dcrweb,PushEvent,10,2
10,decred/decrediton,WatchEvent,15,13
2,decred/dcrstakepool,PushEvent,10,2
11,decred/decrediton,IssueCommentEvent,115,15
6,decred/dcrweb,IssueCommentEvent,5,2
9,decred/hardforkdemo,PushEvent,8,2
1,decred/dcrwallet,PullRequestEvent,58,6
1,decred/insight,IssuesEvent,2,2
8,decred/dcrtime,PullRequestEvent,5,2
2,decred/dcrstakepool,PullRequestReviewCommentEvent,21,3
12,decred/dcrweb,ForkEvent,4,4
2,decred/testnetfaucet,PullRequestReviewCommentEvent,3,1
6,decred/Paymetheus,IssuesEvent,19,4
4,decred/hardforkdemo,PushEvent,8,1
11,decred/atomicswap,IssueCommentEvent,15,4
11,decred/decred-release,WatchEvent,3,3
8,decred/decred-binaries,PullRequestEvent,4,1
2,decred/decred-binaries,ReleaseEvent,3,1
6,decred/dcrdocker,PushEvent,6,1
3,decred/dcrweb,IssuesEvent,6,4
9,decred/atomicswap,ForkEvent,20,20
10,decred/dcps,WatchEvent,1,1
8,decred/decred-release,PullRequestEvent,12,3
6,decred/decred-seeder,PullRequestReviewCommentEvent,1,1
3,decred/testnetfaucet,IssuesEvent,1,1
8,decred/dcrdocker,PullRequestEvent,6,2
7,decred/dcrdocker,PullRequestEvent,14,3
11,decred/dcrstakepool,PushEvent,3,1
10,decred/base58,ForkEvent,3,3
9,decred/bitset,ForkEvent,1,1
6,decred/insight,IssueCommentEvent,2,1
4,decred/decred-irc-price-bot,PushEvent,1,1
7,decred/RFPs,WatchEvent,1,1
10,decred/dcrstakepool,PushEvent,2,1
7,decred/dcps,ForkEvent,1,1
7,decred/react-select,MemberEvent,1,1
2,decred/insight,IssueCommentEvent,1,1
8,decred/dcrwebapi,PushEvent,1,1
1,decred/dcrwallet,IssueCommentEvent,75,9
4,decred/dcrdocs,PullRequestEvent,78,11
5,decred/dcrdocs,PullRequestReviewCommentEvent,23,6
12,decred/politeia,IssueCommentEvent,35,7
2,decred/dcrweb,IssuesEvent,13,4
4,decred/dcrd,PullRequestReviewCommentEvent,30,4
2,decred/gominer,IssuesEvent,8,2
2,decred/dcrstakepool,IssueCommentEvent,30,7
6,decred/decrediton,IssueCommentEvent,103,12
12,decred/dcrwallet,PullRequestReviewCommentEvent,6,2
12,decred/dcrd,PushEvent,18,3
3,decred/dcrd,PushEvent,32,7
9,decred/decrediton,CreateEvent,2,1
5,decred/dcrd,IssuesEvent,28,8
9,decred/dcrrpcclient,IssueCommentEvent,2,2
8,decred/dcrdocs,IssuesEvent,12,8
11,decred/dcrdocs,IssuesEvent,7,6
2,decred/Paymetheus,PullRequestEvent,13,2
11,decred/decrediton,PushEvent,35,1
8,decred/dcrstakepool,IssuesEvent,8,2
9,decred/dcrrpcclient,PullRequestEvent,8,4
11,decred/dcrd,IssueCommentEvent,29,13
8,decred/dcrweb,IssuesEvent,11,7
6,decred/dcrutil,IssuesEvent,2,1
2,decred/decred-windows-installer,PushEvent,6,2
11,decred/dcrpayments,IssuesEvent,7,1
6,decred/decrediton,WatchEvent,4,4
11,decred/dcrdocs,PushEvent,8,2
12,decred/atomicswap,ForkEvent,19,17
5,decred/cgminer,PullRequestEvent,2,1
1,decred/insight,IssueCommentEvent,4,2
10,decred/politeiagui,PublicEvent,1,1
3,decred/dcrweb,PushEvent,4,1
10,decred/dcrstakepool,PullRequestReviewCommentEvent,10,4
1,decred/dcrd,WatchEvent,4,4
9,decred/dcrd,DeleteEvent,1,1
7,decred/Paymetheus,ForkEvent,1,1
8,decred/decrediton,WatchEvent,3,3
6,decred/dcrtime,CreateEvent,2,2
5,decred/ccminer,IssuesEvent,2,1
2,decred/copay,PushEvent,2,1
1,decred/gominer,ForkEvent,1,1
9,decred/cgminer,ForkEvent,1,1
1,decred/dcrutil,PullRequestEvent,2,2
12,decred/politeiagui,CreateEvent,3,1
11,decred/insight-api,PullRequestEvent,2,2
7,decred/dcrstakepool,ForkEvent,2,2
2,decred/insight,PushEvent,1,1
4,decred/insight-api,ForkEvent,1,1
8,decred/dcrlnd,ForkEvent,1,1
10,decred/politeia,IssueCommentEvent,3,2
4,decred/dcrd,PushEvent,22,5
2,decred/dcrstakepool,PullRequestEvent,25,6
9,decred/decrediton,PullRequestEvent,109,8
4,decred/bitcore,PullRequestEvent,9,2
6,decred/dcrstakepool,PullRequestReviewCommentEvent,49,3
1,decred/dcrwallet,PullRequestReviewCommentEvent,102,5
11,decred/dcrweb,IssueCommentEvent,42,12
11,decred/politeia,IssuesEvent,42,8
1,decred/dcrd,PullRequestEvent,19,7
1,decred/dcrrpcclient,PushEvent,1,1
9,decred/dcrd,PullRequestEvent,59,8
10,decred/dcrd,WatchEvent,21,21
5,decred/dcrstakepool,PushEvent,10,2
10,decred/dcrdocs,IssuesEvent,11,5
1,decred/dcrd,IssueCommentEvent,13,7
2,decred/dcrd,PullRequestReviewCommentEvent,46,5
5,decred/dcrwallet,IssueCommentEvent,117,19
2,decred/dcrstakepool,IssuesEvent,24,6
2,decred/dcrwallet,CommitCommentEvent,5,3
7,decred/dcrwebapi,CreateEvent,2,2
2,decred/dcrd,CreateEvent,2,1
12,decred/dcrweb,PushEvent,13,2
5,decred/bitcore-wallet-service,PullRequestEvent,4,2
11,decred/atomicswap,IssuesEvent,5,2
11,decred/decrediton,ForkEvent,4,4
4,decred/bitcore-lib,WatchEvent,1,1
4,decred/dcrrpcclient,IssueCommentEvent,3,2
5,decred/bitcore,IssuesEvent,2,2
7,decred/dcrdocker,PullRequestReviewCommentEvent,9,3
2,decred/decred-binaries,CreateEvent,3,1
9,decred/dcrd,CreateEvent,2,1
7,decred/decrediton,PullRequestReviewCommentEvent,8,3
3,decred/dcrstakepool,ForkEvent,3,3
11,decred/base58,WatchEvent,1,1
11,decred/insight,ForkEvent,1,1
12,decred/react-mde,MemberEvent,1,1
8,decred/dcps,WatchEvent,1,1
11,decred/testnetfaucet,WatchEvent,1,1
9,decred/atomicswap,MemberEvent,1,1
10,decred/base58,CreateEvent,2,1
8,decred/Paymetheus,CreateEvent,1,1
9,decred/dcrrpcclient,ForkEvent,1,1
12,decred/gominer,ForkEvent,1,1
3,decred/dcrweb,ForkEvent,1,1
1,decred/decrediton,PullRequestReviewCommentEvent,13,4
2,decred/dcrdocs,IssueCommentEvent,59,10
4,decred/dcrwallet,IssueCommentEvent,43,11
12,decred/dcrweb,PullRequestEvent,26,7
10,decred/decrediton,PullRequestReviewCommentEvent,81,6
7,decred/dcrd,PullRequestReviewCommentEvent,14,1
11,decred/dcrweb,IssuesEvent,40,12
8,decred/gominer,WatchEvent,6,6
2,decred/decred-binaries,PullRequestEvent,10,1
4,decred/dcrd,IssueCommentEvent,74,15
2,decred/decred-binaries,IssueCommentEvent,14,4
12,decred/dcrd,ForkEvent,10,10
10,decred/dcrstakepool,IssueCommentEvent,18,4
5,decred/decred-release,PullRequestEvent,6,4
6,decred/crypto-browserify,PushEvent,3,1
11,decred/testnetfaucet,PullRequestEvent,8,3
4,decred/decrediton,ForkEvent,2,2
10,decred/snew-classic-ui,PushEvent,8,1
5,decred/dcrutil,PullRequestReviewCommentEvent,3,3
9,decred/dcrstakepool,IssuesEvent,8,3
5,decred/dcrrpcclient,IssuesEvent,12,4
5,decred/ccminer,PushEvent,1,1
10,decred/atomicswap,ForkEvent,9,9
10,decred/dcrdocs,PullRequestEvent,15,8
5,decred/dcrd,WatchEvent,9,9
3,decred/gominer,PushEvent,3,2
4,decred/bitcore-wallet-service,ForkEvent,1,1
7,decred/decred-release,WatchEvent,3,3
4,decred/decred-release,ReleaseEvent,2,1
8,decred/decrediton,ReleaseEvent,2,1
10,decred/politeia,ForkEvent,5,4
3,decred/dcrrpcclient,PullRequestEvent,2,2
12,decred/dcrd,IssuesEvent,15,7
9,decred/dcrstakepool,WatchEvent,2,2
6,decred/copay,ForkEvent,1,1
12,decred/dcrlnd,WatchEvent,1,1
9,decred/dcrdocker,PushEvent,2,1
8,decred/dcrstakepool,IssueCommentEvent,4,2
6,decred/dcrdocs,PushEvent,10,1
4,decred/bitcore,IssueCommentEvent,4,3
7,decred/dcrdocker,WatchEvent,1,1
3,decred/decred-release,ForkEvent,1,1
10,decred/politeiagui,IssueCommentEvent,3,1
5,decred/haste,WatchEvent,2,1
11,decred/dcrutil,ForkEvent,1,1
12,decred/decred-release,PushEvent,2,2
6,decred/crypto-browserify,ForkEvent,1,1
5,decred/insight,IssueCommentEvent,2,2
9,decred/dcrtime,PushEvent,1,1
3,decred/decred-binaries,PushEvent,1,1
11,decred/dcrweb,WatchEvent,1,1
5,decred/decred-binaries,ReleaseEvent,1,1
4,decred/cgminer,WatchEvent,1,1
1,decred/decrediton,PushEvent,45,3
2,decred/dcrd,IssuesEvent,36,8
3,decred/Paymetheus,PullRequestEvent,4,2
6,decred/decrediton,PushEvent,36,2
6,decred/dcrwallet,IssueCommentEvent,44,12
5,decred/dcrstakepool,PullRequestReviewCommentEvent,16,2
10,decred/dcrrpcclient,IssueCommentEvent,3,1
10,decred/dcrweb,IssuesEvent,10,6
10,decred/atomicswap,IssueCommentEvent,19,7
9,decred/testnetfaucet,PullRequestEvent,3,1
5,decred/decred-binaries,IssuesEvent,2,1
12,decred/dcrwebapi,ForkEvent,1,1
7,decred/dcrdocs,WatchEvent,2,2
9,decred/dcps,WatchEvent,3,3
10,decred/dcrutil,PushEvent,3,2
12,decred/politeiagui,PullRequestReviewCommentEvent,5,2
1,decred/dcrd,PushEvent,9,5
8,decred/hardforkdemo,IssuesEvent,2,2
5,decred/bitcore,IssueCommentEvent,3,2
5,decred/dcps,CreateEvent,1,1
10,decred/dcrpayments,WatchEvent,1,1
1,decred/decred-binaries,ForkEvent,1,1
7,decred/decred-release,PushEvent,1,1
5,decred/decred-release,IssuesEvent,2,2
5,decred/dcr-netstats,IssueCommentEvent,2,1
6,decred/decred-release,CreateEvent,2,1
1,decred/dcrwallet,WatchEvent,3,3
7,decred/react-select,ForkEvent,1,1
1,decred/insight,PushEvent,1,1
5,decred/gominer,ForkEvent,1,1
11,decred/dcrdocs,WatchEvent,1,1
8,decred/dcrwebapi,PullRequestEvent,1,1
3,decred/bitcore-wallet-client,PushEvent,1,1
