"repo_name","ForkEvent","PullRequestEvent","PushEvent"
"ahussein/atomicswap",1,0,5
"alexlyp/atomicswap",0,0,2
"atomicpay/atomicswap",0,0,0
"bitcoin-atom/atomicswap",4,2,1
"bitfalcon/atomicswap",0,0,0
"brunokenj/atomicswap",0,0,2
"cerebr/atomicswap",1,0,0
"CNXTEoEorg/atomicswap",0,0,0
"cryptobotai/atomicswap",1,0,0
"customizations/atomicswap",0,0,0
"dajohi/atomicswap",0,0,10
"dasource/atomicswap",0,0,1
"deannolan/atomicswap",0,0,1
"DesWurstes/atomicswap",0,18,68
"devwarrior777/atomicswap",0,0,1
"Divicoin/atomicswap",0,0,0
"dunkthelunk/atomicswap",0,2,2
"GlenDC/atomicswap",1,0,13
"hypernoob/atomicswap",0,0,1
"JimberSoftware/atomicswap",0,0,7
"johndpope/atomicswap",0,0,0
"jrick/atomicswap",0,0,20
"kewde/atomicswap",0,0,1
"levinobre/atomicswap",0,0,0
"libercoinproject/atomicswap",0,0,0
"luoshang722/atomicswap",0,0,3
"moshababo/atomicswap",0,0,0
"particl/atomicswap",0,0,14
"petscheit/atomicswap",0,0,2
"qtumatomicswap/atomicswap",0,0,1
"rivine/atomicswap",2,4,21
"RostyslavAntonyshyn/atomicswap",0,0,2
"swap-atomic/atomicswap",0,0,1
"teknico/atomicswap",0,0,0
"underscoreingsoc/atomicswap",0,0,1
"ValexCrypto/atomicswap",0,2,2
"vertcoin/atomicswap",0,0,5
"viacoin/atomicswap",5,0,23
"wakiyamap/atomicswap",1,2,1
"X9Developers/atomicswap",0,2,6
"yanllearnn/atomicswap",0,0,2
